# x, e^{4 pi sqrt x} Ghat_H(x) / 10^6 (binary64 from coefficient midpoints; x = 1: C/(32 pi^2) e^{4 pi} / 10^6)
1.000,7.9958531356e-01
1.004,8.1978426335e-01
1.006,8.2996027195e-01
1.008,8.4018653309e-01
1.010,8.5046245630e-01
1.012,8.6078744077e-01
1.014,8.7116087533e-01
1.016,8.8158213851e-01
1.018,8.9205059856e-01
1.020,9.0256561348e-01
1.022,9.1312653107e-01
1.024,9.2373268894e-01
1.026,9.3438341458e-01
1.028,9.4507802537e-01
1.030,9.5581582864e-01
1.032,9.6659612173e-01
1.034,9.7741819200e-01
1.036,9.8828131690e-01
1.038,9.9918476401e-01
1.040,1.0101277911e+00
1.042,1.0211096462e+00
1.044,1.0321295676e+00
1.046,1.0431867840e+00
1.048,1.0542805145e+00
1.050,1.0654099685e+00
1.052,1.0765743463e+00
1.054,1.0877728384e+00
1.056,1.0990046263e+00
1.058,1.1102688820e+00
1.060,1.1215647684e+00
1.062,1.1328914393e+00
1.064,1.1442480395e+00
1.066,1.1556337046e+00
1.068,1.1670475616e+00
1.070,1.1784887285e+00
1.072,1.1899563146e+00
1.074,1.2014494205e+00
1.076,1.2129671383e+00
1.078,1.2245085517e+00
1.080,1.2360727359e+00
1.082,1.2476587577e+00
1.084,1.2592656759e+00
1.086,1.2708925410e+00
1.088,1.2825383957e+00
1.090,1.2942022744e+00
1.092,1.3058832042e+00
1.094,1.3175802039e+00
1.096,1.3292922851e+00
1.098,1.3410184516e+00
1.100,1.3527577001e+00
1.100,1.3527577001e+00
1.105,1.3821564034e+00
1.110,1.4116145431e+00
1.115,1.4411158603e+00
1.120,1.4706438371e+00
1.125,1.5001817085e+00
1.130,1.5297124737e+00
1.135,1.5592189091e+00
1.140,1.5886835810e+00
1.145,1.6180888583e+00
1.150,1.6474169265e+00
1.155,1.6766498009e+00
1.160,1.7057693414e+00
1.165,1.7347572660e+00
1.170,1.7635951662e+00
1.175,1.7922645215e+00
1.180,1.8207467150e+00
1.185,1.8490230485e+00
1.190,1.8770747582e+00
1.195,1.9048830310e+00
1.200,1.9324290204e+00
1.205,1.9596938627e+00
1.210,1.9866586936e+00
1.215,2.0133046648e+00
1.220,2.0396129612e+00
1.225,2.0655648171e+00
1.230,2.0911415340e+00
1.235,2.1163244972e+00
1.240,2.1410951935e+00
1.245,2.1654352278e+00
1.250,2.1893263415e+00
1.255,2.2127504286e+00
1.260,2.2356895542e+00
1.265,2.2581259713e+00
1.270,2.2800421381e+00
1.275,2.3014207357e+00
1.280,2.3222446850e+00
1.285,2.3424971641e+00
1.290,2.3621616250e+00
1.295,2.3812218113e+00
1.300,2.3996617743e+00
1.305,2.4174658899e+00
1.310,2.4346188756e+00
1.315,2.4511058060e+00
1.320,2.4669121295e+00
1.325,2.4820236843e+00
1.330,2.4964267137e+00
1.335,2.5101078815e+00
1.340,2.5230542876e+00
1.345,2.5352534825e+00
1.350,2.5466934819e+00
1.355,2.5573627810e+00
1.360,2.5672503684e+00
1.365,2.5763457394e+00
1.370,2.5846389096e+00
1.375,2.5921204272e+00
1.380,2.5987813858e+00
1.385,2.6046134358e+00
1.390,2.6096087967e+00
1.395,2.6137602674e+00
1.400,2.6170612372e+00
1.405,2.6195056960e+00
1.410,2.6210882436e+00
1.415,2.6218040993e+00
1.420,2.6216491101e+00
1.425,2.6206197591e+00
1.430,2.6187131730e+00
1.435,2.6159271290e+00
1.440,2.6122600614e+00
1.445,2.6077110677e+00
1.450,2.6022799133e+00
1.455,2.5959670369e+00
1.460,2.5887735543e+00
1.465,2.5807012620e+00
1.470,2.5717526402e+00
1.475,2.5619308551e+00
1.480,2.5512397604e+00
1.485,2.5396838988e+00
1.490,2.5272685019e+00
1.495,2.5139994905e+00
1.500,2.4998834736e+00
1.505,2.4849277465e+00
1.510,2.4691402895e+00
1.515,2.4525297644e+00
1.520,2.4351055115e+00
1.525,2.4168775454e+00
1.530,2.3978565504e+00
1.535,2.3780538748e+00
1.540,2.3574815254e+00
1.545,2.3361521605e+00
1.550,2.3140790829e+00
1.555,2.2912762316e+00
1.560,2.2677581737e+00
1.565,2.2435400950e+00
1.570,2.2186377901e+00
1.575,2.1930676523e+00
1.580,2.1668466623e+00
1.585,2.1399923768e+00
1.590,2.1125229161e+00
1.595,2.0844569515e+00
1.600,2.0558136919e+00
1.605,2.0266128698e+00
1.610,1.9968747269e+00
1.615,1.9666199989e+00
1.620,1.9358699004e+00
1.625,1.9046461084e+00
1.630,1.8729707457e+00
1.635,1.8408663644e+00
1.640,1.8083559276e+00
1.645,1.7754627921e+00
1.650,1.7422106893e+00
1.655,1.7086237072e+00
1.660,1.6747262700e+00
1.665,1.6405431193e+00
1.670,1.6060992938e+00
1.675,1.5714201085e+00
1.680,1.5365311345e+00
1.685,1.5014581773e+00
1.690,1.4662272561e+00
1.695,1.4308645813e+00
1.700,1.3953965330e+00
1.705,1.3598496389e+00
1.710,1.3242505513e+00
1.715,1.2886260250e+00
1.720,1.2530028940e+00
1.725,1.2174080491e+00
1.730,1.1818684139e+00
1.735,1.1464109221e+00
1.740,1.1110624940e+00
1.745,1.0758500130e+00
1.750,1.0408003019e+00
1.755,1.0059400997e+00
1.760,9.7129603761e-01
1.765,9.3689461581e-01
1.770,9.0276217974e-01
1.775,8.6892489664e-01
1.780,8.3540873219e-01
1.785,8.0223942716e-01
1.790,7.6944247422e-01
1.795,7.3704309493e-01
1.800,7.0506621686e-01
1.805,6.7353645087e-01
1.810,6.4247806869e-01
1.815,6.1191498065e-01
1.820,5.8187071371e-01
1.825,5.5236838974e-01
1.830,5.2343070414e-01
1.835,4.9507990477e-01
1.840,4.6733777116e-01
1.845,4.4022559418e-01
1.850,4.1376415606e-01
1.855,3.8797371075e-01
1.860,3.6287396482e-01
1.865,3.3848405869e-01
1.870,3.1482254844e-01
1.875,2.9190738798e-01
1.880,2.6975591182e-01
1.885,2.4838481831e-01
1.890,2.2781015345e-01
1.895,2.0804729519e-01
1.900,1.8911093839e-01
1.905,1.7101508030e-01
1.910,1.5377300666e-01
1.915,1.3739727845e-01
1.920,1.2189971921e-01
1.925,1.0729140307e-01
1.930,9.3582643405e-02
1.935,8.0782982161e-02
1.940,6.8901179888e-02
1.945,5.7945206448e-02
1.950,4.7922232442e-02
1.955,3.8838621349e-02
1.960,3.0699922398e-02
1.965,2.3510864170e-02
1.970,1.7275348946e-02
1.975,1.1996447809e-02
1.980,7.6763965016e-03
1.985,4.3165920496e-03
1.990,1.9175901545e-03
1.995,4.7910336049e-04
2.000,1.1639667568e-31
2.005,4.7830392016e-04
2.010,1.9111949928e-03
2.015,4.2950104099e-03
2.020,7.6252467641e-03
2.025,1.1896562917e-02
2.030,1.7102783649e-02
2.035,2.3236904100e-02
2.040,3.0291094982e-02
2.045,3.8256708576e-02
2.050,4.7124285508e-02
2.055,5.6883562282e-02
2.060,6.7523479592e-02
2.065,7.9032191380e-02
2.070,9.1397074659e-02
2.075,1.0460474007e-01
2.080,1.1864104317e-01
2.085,1.3349109648e-01
2.090,1.4913928220e-01
2.095,1.6556926565e-01
2.100,1.8276400944e-01
2.105,2.0070578829e-01
2.110,2.1937620450e-01
2.115,2.3875620412e-01
2.120,2.5882609377e-01
2.125,2.7956555801e-01
2.130,3.0095367744e-01
2.135,3.2296894728e-01
2.140,3.4558929664e-01
2.145,3.6879210827e-01
2.150,3.9255423887e-01
2.155,4.1685203999e-01
2.160,4.4166137938e-01
2.165,4.6695766280e-01
2.170,4.9271585641e-01
2.175,5.1891050948e-01
2.180,5.4551577765e-01
2.185,5.7250544647e-01
2.190,5.9985295545e-01
2.195,6.2753142239e-01
2.200,6.5551366805e-01
2.205,6.8377224123e-01
2.210,7.1227944399e-01
2.215,7.4100735730e-01
2.220,7.6992786681e-01
2.225,7.9901268893e-01
2.230,8.2823339703e-01
2.235,8.5756144789e-01
2.240,8.8696820826e-01
2.245,9.1642498151e-01
2.250,9.4590303444e-01
2.255,9.7537362411e-01
2.260,1.0048080247e+00
2.265,1.0341775547e+00
2.270,1.0634536032e+00
2.275,1.0926076575e+00
2.280,1.1216113293e+00
2.285,1.1504363821e+00
2.290,1.1790547572e+00
2.295,1.2074386004e+00
2.300,1.2355602884e+00
2.305,1.2633924552e+00
2.310,1.2909080174e+00
2.315,1.3180802004e+00
2.320,1.3448825637e+00
2.325,1.3712890261e+00
2.330,1.3972738903e+00
2.335,1.4228118676e+00
2.340,1.4478781021e+00
2.345,1.4724481944e+00
2.350,1.4964982247e+00
2.355,1.5200047761e+00
2.360,1.5429449568e+00
2.365,1.5652964223e+00
2.370,1.5870373966e+00
2.375,1.6081466934e+00
2.380,1.6286037365e+00
2.385,1.6483885796e+00
2.390,1.6674819257e+00
2.395,1.6858651456e+00
2.400,1.7035202963e+00
2.405,1.7204301379e+00
2.410,1.7365781510e+00
2.415,1.7519485524e+00
2.420,1.7665263107e+00
2.425,1.7802971609e+00
2.430,1.7932476184e+00
2.435,1.8053649924e+00
2.440,1.8166373984e+00
2.445,1.8270537697e+00
2.450,1.8366038687e+00
2.455,1.8452782969e+00
2.460,1.8530685046e+00
2.465,1.8599667989e+00
2.470,1.8659663521e+00
2.475,1.8710612083e+00
2.480,1.8752462898e+00
2.485,1.8785174020e+00
2.490,1.8808712383e+00
2.495,1.8823053833e+00
2.500,1.8828183158e+00
2.505,1.8824094105e+00
2.510,1.8810789393e+00
2.515,1.8788280711e+00
2.520,1.8756588712e+00
2.525,1.8715743002e+00
2.530,1.8665782107e+00
2.535,1.8606753447e+00
2.540,1.8538713294e+00
2.545,1.8461726716e+00
2.550,1.8375867526e+00
2.555,1.8281218209e+00
2.560,1.8177869850e+00
2.565,1.8065922049e+00
2.570,1.7945482828e+00
2.575,1.7816668531e+00
2.580,1.7679603715e+00
2.585,1.7534421036e+00
2.590,1.7381261120e+00
2.595,1.7220272434e+00
2.600,1.7051611146e+00
2.605,1.6875440975e+00
2.610,1.6691933037e+00
2.615,1.6501265685e+00
2.620,1.6303624337e+00
2.625,1.6099201299e+00
2.630,1.5888195583e+00
2.635,1.5670812719e+00
2.640,1.5447264555e+00
2.645,1.5217769056e+00
2.650,1.4982550096e+00
2.655,1.4741837242e+00
2.660,1.4495865534e+00
2.665,1.4244875262e+00
2.670,1.3989111729e+00
2.675,1.3728825022e+00
2.680,1.3464269763e+00
2.685,1.3195704871e+00
2.690,1.2923393310e+00
2.695,1.2647601831e+00
2.700,1.2368600718e+00
2.705,1.2086663526e+00
2.710,1.1802066817e+00
2.715,1.1515089889e+00
2.720,1.1226014506e+00
2.725,1.0935124627e+00
2.730,1.0642706129e+00
2.735,1.0349046526e+00
2.740,1.0054434696e+00
2.745,9.7591605908e-01
2.750,9.4635149626e-01
2.755,9.1677890745e-01
2.760,8.8722744188e-01
2.765,8.5772624317e-01
2.770,8.2830442089e-01
2.775,7.9899102207e-01
2.780,7.6981500282e-01
2.785,7.4080519992e-01
2.790,7.1199030264e-01
2.795,6.8339882451e-01
2.800,6.5505907545e-01
2.805,6.2699913388e-01
2.810,5.9924681916e-01
2.815,5.7182966423e-01
2.820,5.4477488851e-01
2.825,5.1810937106e-01
2.830,4.9185962411e-01
2.835,4.6605176689e-01
2.840,4.4071149981e-01
2.845,4.1586407910e-01
2.850,3.9153429178e-01
2.855,3.6774643114e-01
2.860,3.4452427265e-01
2.865,3.2189105035e-01
2.870,2.9986943383e-01
2.875,2.7848150560e-01
2.880,2.5774873918e-01
2.885,2.3769197769e-01
2.890,2.1833141299e-01
2.895,1.9968656558e-01
2.900,1.8177626502e-01
2.905,1.6461863106e-01
2.910,1.4823105548e-01
2.915,1.3263018456e-01
2.920,1.1783190234e-01
2.925,1.0385131460e-01
2.930,9.0702733532e-02
2.935,7.8399663245e-02
2.940,6.6954786042e-02
2.945,5.6379949468e-02
2.950,4.6686154186e-02
2.955,3.7883542669e-02
2.960,2.9981388729e-02
2.965,2.2988087887e-02
2.970,1.6911148598e-02
2.975,1.1757184348e-02
2.980,7.5319066095e-03
2.985,4.2401186897e-03
2.990,1.8857104589e-03
2.995,4.7165397434e-04
3.000,2.5809845610e-31
3.005,4.7187542979e-04
3.010,1.8874816149e-03
3.015,4.2460935991e-03
3.020,7.5460602624e-03
3.025,1.1784805375e-02
3.030,1.6958829559e-02
3.035,2.3063713159e-02
3.040,3.0094120020e-02
3.045,3.8043802164e-02
3.050,4.6905605369e-02
3.055,5.6671475641e-02
3.060,6.7332466572e-02
3.065,7.8878747586e-02
3.070,9.1299613052e-02
3.075,1.0458349227e-01
3.080,1.1871796030e-01
3.085,1.3368974966e-01
3.090,1.4948476286e-01
3.095,1.6608808570e-01
3.100,1.8348400149e-01
3.105,2.0165600597e-01
3.110,2.2058682304e-01
3.115,2.4025842132e-01
3.120,2.6065203137e-01
3.125,2.8174816370e-01
3.130,3.0352662751e-01
3.135,3.2596655010e-01
3.140,3.4904639696e-01
3.145,3.7274399260e-01
3.150,3.9703654190e-01
3.155,4.2190065219e-01
3.160,4.4731235589e-01
3.165,4.7324713371e-01
3.170,4.9967993849e-01
3.175,5.2658521942e-01
3.180,5.5393694699e-01
3.185,5.8170863819e-01
3.190,6.0987338237e-01
3.195,6.3840386744e-01
3.200,6.6727240649e-01
3.205,6.9645096479e-01
3.210,7.2591118722e-01
3.215,7.5562442592e-01
3.220,7.8556176835e-01
3.225,8.1569406558e-01
3.230,8.4599196083e-01
3.235,8.7642591821e-01
3.240,9.0696625178e-01
3.245,9.3758315456e-01
3.250,9.6824672790e-01
3.255,9.9892701082e-01
3.260,1.0295940095e+00
3.265,1.0602177267e+00
3.270,1.0907681914e+00
3.275,1.1212154884e+00
3.280,1.1515297875e+00
3.285,1.1816813733e+00
3.290,1.2116406744e+00
3.295,1.2413782925e+00
3.300,1.2708650315e+00
3.305,1.3000719266e+00
3.310,1.3289702726e+00
3.315,1.3575316527e+00
3.320,1.3857279664e+00
3.325,1.4135314576e+00
3.330,1.4409147419e+00
3.335,1.4678508339e+00
3.340,1.4943131744e+00
3.345,1.5202756560e+00
3.350,1.5457126499e+00
3.355,1.5705990311e+00
3.360,1.5949102036e+00
3.365,1.6186221245e+00
3.370,1.6417113288e+00
3.375,1.6641549522e+00
3.380,1.6859307543e+00
3.385,1.7070171409e+00
3.390,1.7273931856e+00
3.395,1.7470386508e+00
3.400,1.7659340082e+00
3.405,1.7840604583e+00
3.410,1.8013999495e+00
3.415,1.8179351963e+00
3.420,1.8336496969e+00
3.425,1.8485277496e+00
3.430,1.8625544693e+00
3.435,1.8757158021e+00
3.440,1.8879985400e+00
3.445,1.8993903345e+00
3.450,1.9098797089e+00
3.455,1.9194560706e+00
3.460,1.9281097216e+00
3.465,1.9358318691e+00
3.470,1.9426146344e+00
3.475,1.9484510611e+00
3.480,1.9533351227e+00
3.485,1.9572617294e+00
3.490,1.9602267330e+00
3.495,1.9622269320e+00
3.500,1.9632600753e+00
3.505,1.9633248649e+00
3.510,1.9624209577e+00
3.515,1.9605489664e+00
3.520,1.9577104596e+00
3.525,1.9539079609e+00
3.530,1.9491449464e+00
3.535,1.9434258427e+00
3.540,1.9367560224e+00
3.545,1.9291417995e+00
3.550,1.9205904242e+00
3.555,1.9111100754e+00
3.560,1.9007098542e+00
3.565,1.8893997747e+00
3.570,1.8771907550e+00
3.575,1.8640946067e+00
3.580,1.8501240243e+00
3.585,1.8352925724e+00
3.590,1.8196146736e+00
3.595,1.8031055943e+00
3.600,1.7857814303e+00
3.605,1.7676590912e+00
3.610,1.7487562847e+00
3.615,1.7290914988e+00
3.620,1.7086839847e+00
3.625,1.6875537380e+00
3.630,1.6657214793e+00
3.635,1.6432086341e+00
3.640,1.6200373126e+00
3.645,1.5962302876e+00
3.650,1.5718109727e+00
3.655,1.5468033997e+00
3.660,1.5212321949e+00
3.665,1.4951225554e+00
3.670,1.4685002246e+00
3.675,1.4413914668e+00
3.680,1.4138230417e+00
3.685,1.3858221786e+00
3.690,1.3574165491e+00
3.695,1.3286342408e+00
3.700,1.2995037292e+00
3.705,1.2700538501e+00
3.710,1.2403137714e+00
3.715,1.2103129641e+00
3.720,1.1800811739e+00
3.725,1.1496483916e+00
3.730,1.1190448236e+00
3.735,1.0883008628e+00
3.740,1.0574470576e+00
3.745,1.0265140830e+00
3.750,9.9553270943e-01
3.755,9.6453377306e-01
3.760,9.3354814500e-01
3.765,9.0260670099e-01
3.770,8.7174029087e-01
3.775,8.4097970810e-01
3.780,8.1035565928e-01
3.785,7.7989873382e-01
3.790,7.4963937361e-01
3.795,7.1960784289e-01
3.800,6.8983419824e-01
3.805,6.6034825877e-01
3.810,6.3117957652e-01
3.815,6.0235740713e-01
3.820,5.7391068074e-01
3.825,5.4586797325e-01
3.830,5.1825747787e-01
3.835,4.9110697704e-01
3.840,4.6444381476e-01
3.845,4.3829486931e-01
3.850,4.1268652644e-01
3.855,3.8764465301e-01
3.860,3.6319457113e-01
3.865,3.3936103284e-01
3.870,3.1616819531e-01
3.875,2.9363959665e-01
3.880,2.7179813228e-01
3.885,2.5066603195e-01
3.890,2.3026483739e-01
3.895,2.1061538063e-01
3.900,1.9173776302e-01
3.905,1.7365133492e-01
3.910,1.5637467617e-01
3.915,1.3992557731e-01
3.920,1.2432102151e-01
3.925,1.0957716733e-01
3.930,9.5709332312e-02
3.935,8.2731977349e-02
3.940,7.0658691891e-02
3.945,5.9502180035e-02
3.950,4.9274247457e-02
3.955,3.9985789241e-02
3.960,3.1646778585e-02
3.965,2.4266256427e-02
3.970,1.7852321975e-02
3.975,1.2412124168e-02
3.980,7.9518540717e-03
3.985,4.4767382135e-03
3.990,1.9910328707e-03
3.995,4.9801931172e-04
4.000,4.8451180910e-31
4.005,4.9829576290e-04
4.010,1.9932439293e-03
4.015,4.4841974386e-03
4.020,7.9695249220e-03
4.025,1.2446611757e-02
4.030,1.7911862096e-02
4.035,2.4360701863e-02
4.040,3.1787582721e-02
4.045,4.0185987007e-02
4.050,4.9548433622e-02
4.055,5.9866484885e-02
4.060,7.1130754328e-02
4.065,8.3330915442e-02
4.070,9.6455711349e-02
4.075,1.1049296541e-01
4.080,1.2542959272e-01
4.085,1.4125161258e-01
4.090,1.5794416174e-01
4.095,1.7549150866e-01
4.100,1.9387706852e-01
4.105,2.1308341916e-01
4.110,2.3309231783e-01
4.115,2.5388471874e-01
4.120,2.7544079146e-01
4.125,2.9773994006e-01
4.130,3.2076082306e-01
4.135,3.4448137406e-01
4.140,3.6887882322e-01
4.145,3.9392971929e-01
4.150,4.1960995247e-01
4.155,4.4589477784e-01
4.160,4.7275883948e-01
4.165,5.0017619518e-01
4.170,5.2812034175e-01
4.175,5.5656424093e-01
4.180,5.8548034578e-01
4.185,6.1484062766e-01
4.190,6.4461660364e-01
4.195,6.7477936440e-01
4.200,7.0529960259e-01
4.205,7.3614764157e-01
4.210,7.6729346451e-01
4.215,7.9870674390e-01
4.220,8.3035687134e-01
4.225,8.6221298767e-01
4.230,8.9424401328e-01
4.235,9.2641867873e-01
4.240,9.5870555558e-01
4.245,9.9107308732e-01
4.250,1.0234896205e+00
4.255,1.0559234360e+00
4.260,1.0883427804e+00
4.265,1.1207158971e+00
4.270,1.1530110579e+00
4.275,1.1851965945e+00
4.280,1.2172409296e+00
4.285,1.2491126082e+00
4.290,1.2807803288e+00
4.295,1.3122129744e+00
4.300,1.3433796436e+00
4.305,1.3742496807e+00
4.310,1.4047927068e+00
4.315,1.4349786494e+00
4.320,1.4647777727e+00
4.325,1.4941607069e+00
4.330,1.5230984776e+00
4.335,1.5515625347e+00
4.340,1.5795247806e+00
4.345,1.6069575984e+00
4.350,1.6338338795e+00
4.355,1.6601270503e+00
4.360,1.6858110996e+00
4.365,1.7108606034e+00
4.370,1.7352507515e+00
4.375,1.7589573717e+00
4.380,1.7819569541e+00
4.385,1.8042266748e+00
4.390,1.8257444190e+00
4.395,1.8464888029e+00
4.400,1.8664391952e+00
4.405,1.8855757386e+00
4.410,1.9038793687e+00
4.415,1.9213318343e+00
4.420,1.9379157153e+00
4.425,1.9536144405e+00
4.430,1.9684123045e+00
4.435,1.9822944838e+00
4.440,1.9952470513e+00
4.445,2.0072569915e+00
4.450,2.0183122131e+00
4.455,2.0284015616e+00
4.460,2.0375148310e+00
4.465,2.0456427745e+00
4.470,2.0527771137e+00
4.475,2.0589105476e+00
4.480,2.0640367602e+00
4.485,2.0681504275e+00
4.490,2.0712472231e+00
4.495,2.0733238228e+00
4.500,2.0743779090e+00
4.505,2.0744081728e+00
4.510,2.0734143163e+00
4.515,2.0713970535e+00
4.520,2.0683581096e+00
4.525,2.0643002203e+00
4.530,2.0592271296e+00
4.535,2.0531435864e+00
4.540,2.0460553403e+00
4.545,2.0379691366e+00
4.550,2.0288927105e+00
4.555,2.0188347790e+00
4.560,2.0078050338e+00
4.565,1.9958141317e+00
4.570,1.9828736846e+00
4.575,1.9689962487e+00
4.580,1.9541953124e+00
4.585,1.9384852836e+00
4.590,1.9218814757e+00
4.595,1.9044000932e+00
4.600,1.8860582161e+00
4.605,1.8668737833e+00
4.610,1.8468655753e+00
4.615,1.8260531964e+00
4.620,1.8044570553e+00
4.625,1.7820983458e+00
4.630,1.7589990257e+00
4.635,1.7351817961e+00
4.640,1.7106700789e+00
4.645,1.6854879942e+00
4.650,1.6596603366e+00
4.655,1.6332125514e+00
4.660,1.6061707095e+00
4.665,1.5785614822e+00
4.670,1.5504121146e+00
4.675,1.5217503997e+00
4.680,1.4926046507e+00
4.685,1.4630036734e+00
4.690,1.4329767379e+00
4.695,1.4025535501e+00
4.700,1.3717642225e+00
4.705,1.3406392446e+00
4.710,1.3092094526e+00
4.715,1.2775059999e+00
4.720,1.2455603257e+00
4.725,1.2134041244e+00
4.730,1.1810693144e+00
4.735,1.1485880066e+00
4.740,1.1159924727e+00
4.745,1.0833151137e+00
4.750,1.0505884273e+00
4.755,1.0178449765e+00
4.760,9.8511735700e-01
4.765,9.5243816527e-01
4.770,9.1983996608e-01
4.775,8.8735526046e-01
4.780,8.5501645349e-01
4.785,8.2285582221e-01
4.790,7.9090548365e-01
4.795,7.5919736303e-01
4.800,7.2776316206e-01
4.805,6.9663432751e-01
4.810,6.6584202000e-01
4.815,6.3541708305e-01
4.820,6.0539001242e-01
4.825,5.7579092582e-01
4.830,5.4664953290e-01
4.835,5.1799510572e-01
4.840,4.8985644958e-01
4.845,4.6226187431e-01
4.850,4.3523916604e-01
4.855,4.0881555948e-01
4.860,3.8301771070e-01
4.865,3.5787167053e-01
4.870,3.3340285846e-01
4.875,3.0963603725e-01
4.880,2.8659528809e-01
4.885,2.6430398647e-01
4.890,2.4278477872e-01
4.895,2.2205955927e-01
4.900,2.0214944864e-01
4.905,1.8307477216e-01
4.910,1.6485503951e-01
4.915,1.4750892500e-01
4.920,1.3105424876e-01
4.925,1.1550795862e-01
4.930,1.0088611301e-01
4.935,8.7203864601e-02
4.940,7.4475444892e-02
4.945,6.2714149699e-02
4.950,5.1932325548e-02
4.955,4.2141357009e-02
4.960,3.3351654969e-02
4.965,2.5572645872e-02
4.970,1.8812761914e-02
4.975,1.3079432225e-02
4.980,8.3790750420e-03
4.985,4.7170908663e-03
4.990,2.0978566352e-03
4.995,5.2472089639e-04
5.000,7.9761137254e-31
5.005,5.2497530831e-04
5.010,2.0998914282e-03
5.015,4.7239554677e-03
5.020,8.3953373186e-03
5.025,1.3111170964e-02
5.030,1.8867556813e-02
5.035,2.5659565056e-02
5.040,3.3481240040e-02
5.045,4.2325605667e-02
5.050,5.2184671792e-02
5.055,6.3049441643e-02
5.060,7.4909920223e-02
5.065,8.7755123714e-02
5.070,1.0157308986e-01
5.075,1.1635088934e-01
5.080,1.3207463804e-01
5.085,1.4872951037e-01
5.090,1.6629975346e-01
5.095,1.8476870225e-01
5.100,2.0411879559e-01
5.105,2.2433159313e-01
5.110,2.4538779311e-01
5.115,2.6726725112e-01
5.120,2.8994899948e-01
5.125,3.1341126771e-01
5.130,3.3763150358e-01
5.135,3.6258639504e-01
5.140,3.8825189295e-01
5.145,4.1460323446e-01
5.150,4.4161496718e-01
5.155,4.6926097398e-01
5.160,4.9751449852e-01
5.165,5.2634817140e-01
5.170,5.5573403689e-01
5.175,5.8564358033e-01
5.180,6.1604775602e-01
5.185,6.4691701571e-01
5.190,6.7822133755e-01
5.195,7.0993025555e-01
5.200,7.4201288948e-01
5.205,7.7443797522e-01
5.210,8.0717389548e-01
5.215,8.4018871085e-01
5.220,8.7345019127e-01
5.225,9.0692584773e-01
5.230,9.4058296427e-01
5.235,9.7438863020e-01
5.240,1.0083097726e+00
5.245,1.0423131887e+00
5.250,1.0763655791e+00
5.255,1.1104335802e+00
5.260,1.1444837974e+00
5.265,1.1784828378e+00
5.270,1.2123973437e+00
5.275,1.2461940251e+00
5.280,1.2798396930e+00
5.285,1.3133012919e+00
5.290,1.3465459330e+00
5.295,1.3795409263e+00
5.300,1.4122538132e+00
5.305,1.4446523990e+00
5.310,1.4767047842e+00
5.315,1.5083793967e+00
5.320,1.5396450230e+00
5.325,1.5704708392e+00
5.330,1.6008264416e+00
5.335,1.6306818769e+00
5.340,1.6600076724e+00
5.345,1.6887748648e+00
5.350,1.7169550293e+00
5.355,1.7445203082e+00
5.360,1.7714434383e+00
5.365,1.7976977781e+00
5.370,1.8232573350e+00
5.375,1.8480967906e+00
5.380,1.8721915263e+00
5.385,1.8955176481e+00
5.390,1.9180520105e+00
5.395,1.9397722393e+00
5.400,1.9606567546e+00
5.405,1.9806847924e+00
5.410,1.9998364253e+00
5.415,2.0180925824e+00
5.420,2.0354350692e+00
5.425,2.0518465854e+00
5.430,2.0673107424e+00
5.435,2.0818120805e+00
5.440,2.0953360838e+00
5.445,2.1078691955e+00
5.450,2.1193988317e+00
5.455,2.1299133940e+00
5.460,2.1394022818e+00
5.465,2.1478559027e+00
5.470,2.1552656830e+00
5.475,2.1616240763e+00
5.480,2.1669245714e+00
5.485,2.1711616994e+00
5.490,2.1743310394e+00
5.495,2.1764292235e+00
5.500,2.1774539403e+00
5.505,2.1774039380e+00
5.510,2.1762790260e+00
5.515,2.1740800754e+00
5.520,2.1708090188e+00
5.525,2.1664688489e+00
5.530,2.1610636158e+00
5.535,2.1545984236e+00
5.540,2.1470794257e+00
5.545,2.1385138196e+00
5.550,2.1289098396e+00
5.555,2.1182767497e+00
5.560,2.1066248345e+00
5.565,2.0939653896e+00
5.570,2.0803107113e+00
5.575,2.0656740840e+00
5.580,2.0500697685e+00
5.585,2.0335129874e+00
5.590,2.0160199113e+00
5.595,1.9976076427e+00
5.600,1.9782941998e+00
5.605,1.9580984988e+00
5.610,1.9370403359e+00
5.615,1.9151403679e+00
5.620,1.8924200923e+00
5.625,1.8689018265e+00
5.630,1.8446086858e+00
5.635,1.8195645610e+00
5.640,1.7937940955e+00
5.645,1.7673226607e+00
5.650,1.7401763316e+00
5.655,1.7123818614e+00
5.660,1.6839666550e+00
5.665,1.6549587425e+00
5.670,1.6253867516e+00
5.675,1.5952798799e+00
5.680,1.5646678656e+00
5.685,1.5335809592e+00
5.690,1.5020498932e+00
5.695,1.4701058520e+00
5.700,1.4377804416e+00
5.705,1.4051056584e+00
5.710,1.3721138575e+00
5.715,1.3388377212e+00
5.720,1.3053102268e+00
5.725,1.2715646138e+00
5.730,1.2376343516e+00
5.735,1.2035531064e+00
5.740,1.1693547078e+00
5.745,1.1350731155e+00
5.750,1.1007423862e+00
5.755,1.0663966393e+00
5.760,1.0320700239e+00
5.765,9.9779668435e-01
5.770,9.6361072720e-01
5.775,9.2954618702e-01
5.780,8.9563699288e-01
5.785,8.6191693477e-01
5.790,8.2841963012e-01
5.795,7.9517849054e-01
5.800,7.6222668870e-01
5.805,7.2959712539e-01
5.810,6.9732239698e-01
5.815,6.6543476301e-01
5.820,6.3396611418e-01
5.825,6.0294794069e-01
5.830,5.7241130092e-01
5.835,5.4238679060e-01
5.840,5.1290451233e-01
5.845,4.8399404564e-01
5.850,4.5568441754e-01
5.855,4.2800407358e-01
5.860,4.0098084954e-01
5.865,3.7464194360e-01
5.870,3.4901388923e-01
5.875,3.2412252868e-01
5.880,2.9999298717e-01
5.885,2.7664964771e-01
5.890,2.5411612673e-01
5.895,2.3241525041e-01
5.900,2.1156903179e-01
5.905,1.9159864866e-01
5.910,1.7252442232e-01
5.915,1.5436579708e-01
5.920,1.3714132074e-01
5.925,1.2086862583e-01
5.930,1.0556441183e-01
5.935,9.1244428301e-02
5.940,7.7923458866e-02
5.945,6.5615306245e-02
5.950,5.4332778190e-02
5.955,4.4087674415e-02
5.960,3.4890774512e-02
5.965,2.6751826884e-02
5.970,1.9679538673e-02
5.975,1.3681566732e-02
5.980,8.7645096175e-03
5.985,4.9339006325e-03
5.990,2.1942019180e-03
5.995,5.4879960033e-04
6.000,1.2012237553e-30
