# t, H(t) (quadrature value, no error terms), cell_left, cell_right, lower bound for H on the cell (certified inputs)
0.00,1.0000000000e+00,nan,nan,nan
0.25,1.0014283588e+00,0.00,0.50,2.0140273935e-01
0.75,1.0130579122e+00,0.50,1.00,1.2630675239e-01
1.25,1.0372967157e+00,1.00,1.50,2.3142702794e-01
1.75,1.0744410717e+00,1.50,2.00,3.4658893181e-01
2.25,1.1263792660e+00,2.00,2.50,4.5511169949e-01
2.75,1.1952230205e+00,2.50,3.00,5.5967101182e-01
3.25,1.2839639619e+00,3.00,3.50,6.6606115031e-01
3.75,1.3965945402e+00,3.50,4.00,7.8036897145e-01
4.25,1.5384159863e+00,4.00,4.50,9.0883492363e-01
4.75,1.7164120330e+00,4.50,5.00,1.0582797010e+00
5.25,1.9398096663e+00,5.00,5.50,1.2366814134e+00
5.75,2.2208118007e+00,5.50,6.00,1.4538641893e+00
6.25,2.5756349688e+00,6.00,6.50,1.7223537403e+00
6.75,3.0259354061e+00,6.50,7.00,2.0584936058e+00
7.25,3.6007998210e+00,7.00,7.50,2.4839514965e+00
7.75,4.3395335013e+00,7.50,8.00,3.0277950792e+00
8.25,5.2955817757e+00,8.00,8.50,3.7293909764e+00
8.75,6.5420879447e+00,8.50,9.00,4.6424918023e+00
9.25,8.1797989844e+00,9.00,9.50,5.8410410102e+00
9.75,1.0348378049e+01,9.50,10.00,7.4274705082e+00
10.25,1.3242691055e+01,10.00,10.50,9.5446315668e+00
10.75,1.7136356187e+01,10.50,11.00,1.2393045959e+01
11.25,2.2416008369e+01,11.00,11.50,1.6255984780e+01
11.75,2.9631374538e+01,11.50,12.00,2.1536119410e+01
12.25,3.9568880534e+01,12.00,12.50,2.8809361317e+01
12.75,5.3360365779e+01,12.50,13.00,3.8904353081e+01
13.25,7.2644430526e+01,13.00,13.50,5.3020416808e+01
13.75,9.9807176727e+01,13.50,14.00,7.2903418955e+01
14.25,1.3834289136e+02,14.00,14.50,1.0110924868e+02
14.75,1.9339740619e+02,14.50,15.00,1.4140041000e+02
15.25,2.7258991167e+02,15.00,15.50,1.9934572920e+02
15.75,3.8726171772e+02,15.50,16.00,2.8323129161e+02
16.25,5.5438290301e+02,16.00,16.50,4.0545023226e+02
16.75,7.9947439548e+02,16.50,17.00,5.8463227236e+02
17.25,1.1611068391e+03,17.00,17.50,8.4892052265e+02
17.75,1.6978550151e+03,17.50,18.00,1.2410344976e+03
18.25,2.4990916840e+03,18.00,18.50,1.8261246321e+03
18.75,3.7018072435e+03,18.50,19.00,2.7040055430e+03
19.25,5.5169187234e+03,19.00,19.50,4.0282827190e+03
19.75,8.2705798721e+03,19.50,20.00,6.0363698810e+03
20.25,1.2469282027e+04,20.00,20.50,9.0967719050e+03
20.75,1.8902823833e+04,20.50,21.00,1.3783832563e+04
21.25,2.8807730638e+04,21.00,21.50,2.0996316152e+04
21.75,4.4127537896e+04,21.50,22.00,3.2146175048e+04
22.25,6.7928707004e+04,22.00,22.50,4.9460054487e+04
22.75,1.0506743460e+05,22.50,23.00,7.6462444067e+04
23.25,1.6326214486e+05,23.00,23.50,1.1875239497e+05
23.75,2.5482376700e+05,23.50,24.00,1.8525608457e+05
24.25,3.9945593967e+05,24.00,24.50,2.9025293583e+05
24.75,6.2880019557e+05,24.50,25.00,4.5666281924e+05
25.25,9.9383506834e+05,25.00,25.50,7.2139483597e+05
25.75,1.5769550789e+06,25.50,26.00,1.1440754699e+06
26.25,2.5117456751e+06,26.00,26.50,1.8213309799e+06
26.75,4.0154441815e+06,26.50,27.00,2.9102222676e+06
27.25,6.4423683425e+06,27.00,27.50,4.6668000248e+06
27.75,1.0372085584e+07,27.50,28.00,7.5097013149e+06
28.25,1.6755277287e+07,28.00,28.50,1.2125319598e+07
28.75,2.7155669354e+07,28.50,29.00,1.9642159578e+07
29.25,4.4152249568e+07,29.00,29.50,3.1920594859e+07
29.75,7.2009596294e+07,29.50,30.00,5.2035563228e+07
30.25,1.1779760868e+08,30.00,30.50,8.5082550136e+07
30.75,1.9326624841e+08,30.50,31.00,1.3952646521e+08
31.25,3.1799130222e+08,31.00,31.50,2.2946415784e+08
31.75,5.2466474778e+08,31.50,32.00,3.7842773730e+08
32.25,8.6801012647e+08,32.00,32.50,6.2579175752e+08
32.75,1.4398397013e+09,32.50,33.00,1.0375896848e+09
33.25,2.3945352916e+09,33.00,33.50,1.7248117126e+09
33.75,3.9922579061e+09,33.50,34.00,2.8744210559e+09
34.25,6.6723613772e+09,34.00,34.50,4.8020334001e+09
34.75,1.1178374725e+10,34.50,35.00,8.0415638071e+09
35.25,1.8771168216e+10,35.00,35.50,1.3498073366e+10
35.75,3.1593213627e+10,35.50,36.00,2.2708857610e+10
36.25,5.3292164635e+10,36.00,36.50,3.8290247366e+10
36.75,9.0090287041e+10,36.50,37.00,6.4703594587e+10
37.25,1.5262174070e+11,37.00,37.50,1.0957077852e+11
37.75,2.5909450145e+11,37.50,38.00,1.8593736924e+11
38.25,4.4074113873e+11,38.00,38.50,3.1617273549e+11
38.75,7.5123099613e+11,38.50,39.00,5.3870229965e+11
39.25,1.2829493327e+12,39.00,39.50,9.1964760188e+11
39.75,2.1951982498e+12,39.50,40.00,1.5729842730e+12
